feature,baseMean,log2FoldChange,lfcSE,stat,pvalue,padj
miRNA_23,801650966741.5706,10.479534804338776,0.23637232164810698,44.3348642991285,0,0
miRNA_89,813447407265.7231,10.552613034115527,0.2482486801237203,42.50823419829018,0,0
miRNA_90,512999160689.2254,10.266500866829224,0.23376571798295537,43.91790616440084,0,0
miRNA_97,358097973688.7244,10.163296589565926,0.2314669318135464,43.90820109782579,0,0
miRNA_117,642998323451.8676,10.364132784910108,0.24297031597462468,42.65596290368457,0,0
miRNA_119,650268851811.3533,10.281701646444116,0.2443418418830472,42.079168951199904,0,0
miRNA_130,416617999487.1656,10.148387841775321,0.23806156206217113,42.62925838957997,0,0
miRNA_134,418788779103.0959,10.203886568894953,0.23699884337499832,43.05458382659512,0,0
miRNA_173,639029548163.6362,10.23267500634479,0.22756211195637013,44.96651449739873,0,0
miRNA_193,812215691337.7327,10.556573409110364,0.24539796556211602,43.01817818631526,0,0
miRNA_194,812228187354.9448,10.552674713267944,0.25065973438417183,42.099600636672115,0,0
miRNA_195,374983160657.7851,9.85029621533697,0.23007670298950797,42.81309705566394,0,0
miRNA_206,376796522556.7933,9.663215919265209,0.2275510901913097,42.46613765348707,0,0
miRNA_207,288298892451.87305,9.342783106959118,0.22460378618340418,41.59673024981914,0,0
miRNA_231,283789142172.36774,9.687344619528227,0.24226767850676922,39.98612063828214,0,0
miRNA_243,355166286825.3235,9.549810638233456,0.2271229497839675,42.04687658079885,0,0
miRNA_249,689136727430.5675,10.619231651780048,0.23103789121623036,45.963160397103074,0,0
miRNA_380,260061928592.7961,9.104803282609788,0.2183408658862251,41.699950422264045,0,0
miRNA_382,288906877721.0173,9.477235102992791,0.2258113996747714,41.969692923574875,0,0
miRNA_385,298243342519.62994,10.295141601502058,0.24040412997551794,42.82431255465738,0,0
miRNA_386,237170973974.23196,9.519609600295446,0.22438526555705113,42.42528838363068,0,0
miRNA_388,363453152027.1313,10.36475071426923,0.25652091487759426,40.40509024075111,0,0
miRNA_390,303517466666.0892,9.262664880655409,0.22103778892505227,41.905345351586554,0,0
miRNA_404,568465233778.6732,10.476246601551782,0.2527654671575674,41.4465105513055,0,0
miRNA_434,796638264330.2885,10.562953805332821,0.25431993539519737,41.534116422759574,0,0
miRNA_435,796153141857.6088,10.557178391718201,0.25370825620062176,41.6114893138126,0,0
miRNA_465,713412176927.1868,10.379248758969638,0.22502714588363507,46.12442964697647,0,0
miRNA_483,312892364616.7233,10.42414385758794,0.26503859093457777,39.33066434148467,0,0
miRNA_484,325396168775.0785,10.419153264252257,0.257458388065547,40.469270947193294,0,0
miRNA_522,351182680705.9011,9.888299614238157,0.23616024669954247,41.87114365111016,0,0
miRNA_676,296540960182.5593,10.172324584661848,0.25731857931949476,39.5320252877332,0,0
miRNA_818,813914265311.5525,10.514331024233801,0.23477363940606563,44.78497266913413,0,0
miRNA_848,475222980617.6177,9.919494148106734,0.22605654915025805,43.88058733707964,0,0
miRNA_1032,813523990496.5608,10.536805511181194,0.24879931804272912,42.350620548612554,0,0
miRNA_1040,551244060756.3412,10.779591993431017,0.24799869926630957,43.46632472396768,0,0
miRNA_1044,670627728134.874,10.243168964624923,0.22796440309823754,44.93319494364564,0,0
miRNA_1079,372911026542.80646,9.988343500997741,0.23665981400628702,42.20549036995522,0,0
miRNA_1080,813871902568.6237,10.564995438058945,0.2655607642733387,39.783721315037774,0,0
miRNA_1119,263303007937.60736,9.61712169139475,0.22703398400467228,42.359833192183395,0,0
miRNA_1121,475114608838.8334,10.035648778286893,0.22626280335501692,44.35394872457445,0,0
miRNA_1159,272191173804.4485,9.908013825441417,0.2559923454086984,38.70433629420839,0,0
miRNA_1307,289545433316.4542,9.568330794292478,0.2218637955214148,43.12704906091324,0,0
miRNA_1327,317428821516.4008,9.70546148551251,0.22972866215796905,42.24749926432215,0,0
miRNA_1335,317407740431.5033,9.55489057620552,0.2202708125486238,43.37792404563959,0,0
miRNA_1396,796995538918.755,10.547030525817553,0.22993154339045072,45.87030718054834,0,0
miRNA_854,132663373633.99414,8.1765057517716,0.2130020739847852,38.386977172605604,2.17e-322,5.227e-321
miRNA_387,444595607991.21124,9.924678666407132,0.260380186897295,38.11610547127324,6.932334e-318,1.6313109e-316
miRNA_1381,767222924736.6448,10.61815948615715,0.27930926518642474,38.015779673725,3.1665854e-316,7.296340524e-315
miRNA_169,235041499598.61255,10.077572044781958,0.2659445499480555,37.89350842779187,3.291891547e-314,7.4302694923e-313
miRNA_142,794475316620.415,10.624160611858091,0.28274566081086255,37.574973145087185,5.510490880159134e-309,1.2189205826912004e-307
miRNA_833,141012591443.22278,8.746179587431323,0.2337619404071691,37.414899842964736,2.2369199090254905e-306,4.851045920357241e-305
miRNA_1310,813888572950.2661,10.573939803796208,0.2826825468872376,37.40570445622228,3.1561329357015825e-306,6.712851974780674e-305
miRNA_139,279089381227.4427,9.739627776080331,0.2606203616508493,37.37093953207087,1.158925308124666e-305,2.4184365863884538e-304
miRNA_242,811326372162.2919,10.659038429956421,0.28737068409089994,37.091599874484054,3.8374763419296385e-301,7.859720063285519e-300
miRNA_168,614810479612.2576,10.397843221145099,0.28099104354350685,37.00418024012628,9.808987638413167e-300,1.972498241469993e-298
miRNA_1362,97695063901.96454,8.251488905918372,0.22574498016253097,36.55225865920694,1.6417441886689628e-292,3.2424447726212016e-291
miRNA_534,740117741151.3802,10.573819008191174,0.28949671436105556,36.52483252367307,4.475507701032801e-292,8.684055293582944e-291
miRNA_397,813787441240.7694,10.529464609794232,0.28962021016442074,36.35611134946878,2.1038454623173337e-289,4.011815657453399e-288
miRNA_527,811626085284.7601,10.54378625502117,0.29158531437971974,36.16021018565573,2.571327323937761e-286,4.820149186907058e-285
miRNA_54,373224175765.1004,11.045733846355994,0.3078076288241975,35.885185459989685,5.200930361225823e-282,9.587048299192933e-281
miRNA_528,663847400666.4458,10.365700855347423,0.29111754754771546,35.606582092577014,1.1080675333964194e-277,2.0090535933384258e-276
miRNA_192,514933398855.58264,9.933414178215871,0.27943156111910167,35.54864789944744,8.718121425371578e-277,1.55520037039693e-275
miRNA_1112,86497535803.4252,8.10319136038933,0.2281465495775212,35.51748371998048,2.6407241856983818e-276,4.635938014892715e-275
miRNA_1039,799336168517.9502,10.677812942481708,0.30115874204168314,35.45576286476785,2.3642701214632952e-275,4.085754303653757e-274
miRNA_275,193732742185.92188,9.432057004033823,0.2677966220273969,35.220970797267476,9.549758122969145e-272,1.6249280744621344e-270
miRNA_244,612454542067.4692,10.307707938177927,0.2941547922037208,35.041781440838086,5.201887572491552e-269,8.717102507841903e-268
miRNA_76,148043203420.62485,9.694377640346834,0.2773119742967765,34.95838095318599,9.658509045573094e-268,1.5943747767766926e-266
miRNA_220,166829562326.1354,9.44465286153228,0.27221277723159704,34.69584696789168,9.100467709370349e-264,1.480164306847589e-262
miRNA_1395,66168709165.42747,7.510936710089884,0.21941337246144738,34.23190038888634,8.10974075941835e-257,1.2999091710024195e-255
miRNA_213,393831924274.63934,10.573823806301418,0.31175508810616864,33.91708494810672,3.730491967211346e-252,5.894177308193927e-251
miRNA_1328,155667033205.3117,9.697525559976619,0.28611367326737247,33.89396056900191,8.176507669896242e-252,1.2736926032260907e-250
miRNA_159,813895470813.584,10.541750376651045,0.3124446139029236,33.73958105716094,1.519959439450933e-249,2.3348265833787944e-248
miRNA_366,35797924579.07203,6.880887069006995,0.20669437570554583,33.290151439869945,5.360905458536133e-243,8.122138954987621e-242
miRNA_393,29651905284.088226,6.602125377868291,0.19893336861968242,33.18762168296726,1.6242021958411968e-241,2.427523822432924e-240
miRNA_1114,134593307709.35164,9.074012050969582,0.27350291815157507,33.177020970360445,2.3096404933690502e-241,3.4059498475548927e-240
miRNA_147,534348930665.5055,10.504300053341138,0.3179457350791746,33.03802785945647,2.311346193299717e-239,3.363616960249325e-238
miRNA_623,137489683387.13702,8.976602213787356,0.2739564763994473,32.766526755508615,1.7660244999957535e-235,2.5366533727211733e-234
miRNA_146,812043034055.6089,10.665654721141468,0.3306612961789804,32.25552807174736,2.942960249120272e-228,4.1729667122141287e-227
miRNA_612,88785736709.42264,8.374592631899244,0.26104838588569934,32.080614494073444,8.21782237286128e-226,1.1504951322005792e-224
miRNA_1113,90258720472.43825,9.02963042285072,0.28199634042368543,32.02038157404508,5.675115525730054e-225,7.8458472143218e-224
miRNA_462,139379362.8770163,16.223598189541935,0.5142778321855893,31.54636885784971,2.0109435373024698e-218,2.7458068546376935e-217
miRNA_622,442510435519.2555,10.146979007398421,0.32333191193469774,31.382547261365815,3.501486896062468e-216,4.722737203713524e-215
miRNA_391,58312620066.24426,8.237009786489816,0.26249873056834133,31.379236648709497,3.885233046864929e-216,5.17719006003929e-215
miRNA_820,111014018444.88136,9.05363473862054,0.2903717854311814,31.17945748474335,2.023368026417502e-213,2.664101234783044e-212
miRNA_643,671441531005.7839,10.4678772113637,0.3373885924246244,31.026174110205925,2.391823373210418e-211,3.112184295024379e-210
miRNA_167,811364930678.1521,10.725736473547363,0.3516157656061122,30.504139810279643,2.2964411851698975e-204,2.953330175346403e-203
miRNA_160,729443048570.5924,10.833161933290675,0.35673668165053385,30.367389984030435,1.4810620200092576e-202,1.882821372563493e-201
miRNA_205,20552806333.883972,6.289338060011251,0.20882110311601587,30.11830684812085,2.7904584161106807e-199,3.5070988729754694e-198
miRNA_235,91442432891.2117,8.999477435863907,0.3000435263984617,29.993906363813643,1.1784025572201025e-197,1.4643968857139702e-196
miRNA_237,32689272093.230934,7.328534757414183,0.24528050022057588,29.878179271584074,3.7804501420590295e-196,4.645753174574763e-195
miRNA_821,81957350159.65259,8.616394349933293,0.2888904327584363,29.825821048003096,1.807610317276781e-195,2.196941770228703e-194
miRNA_166,811998411875.0189,10.75632380797045,0.36690570140827267,29.31631688110891,6.425465380531734e-189,7.724526859639237e-188
miRNA_395,27186690966.518127,6.76802572619636,0.23281072848474835,29.070935734990147,8.368419205641521e-186,9.952120044558626e-185
miRNA_236,36035792251.4782,7.06107624208612,0.2445010380386269,28.87953482214089,2.1580094777880623e-183,2.5391047685463794e-182
miRNA_153,40969161205.60588,7.715367953372219,0.2672436754812074,28.870161059863,2.829715224599438e-183,3.2943842509547137e-182
miRNA_198,803647153297.8267,11.075096610468279,0.38840161762683895,28.514548106513804,7.733587715973429e-179,8.909737514444388e-178
miRNA_21,39070853343.53118,7.045647880996861,0.2485447275051428,28.347605486224104,8.958641248563212e-177,1.021469816588754e-175
miRNA_846,671479980633.4478,10.398203464272346,0.3672098883581694,28.316785015686012,2.1475554528934662e-176,2.4236697254083406e-175
miRNA_182,124942474921.26929,9.051071606358928,0.3204388587029143,28.24586145074986,1.600088477023553e-175,1.7875735915030803e-174
miRNA_1369,60961217203.38163,8.630794477652898,0.3071444635553766,28.1001141213695,9.764681241748796e-174,1.0799737453374169e-172
miRNA_219,813786090604.6348,10.829818871094382,0.39182289091271283,27.639576763540756,3.724188641548495e-168,4.0781709282699366e-167
miRNA_151,804260290357.591,11.065012994635273,0.4021520277011239,27.514502557372904,1.1774826080798891e-166,1.2767605534670171e-165
miRNA_389,720250668179.8385,11.29147475866343,0.412800268026274,27.353361015610453,9.849277111365412e-165,1.0576019888514705e-163
miRNA_1077,720782280963.4526,10.916011749285174,0.40263173438703165,27.111652701453746,7.176545328340189e-162,7.631979935715624e-161
miRNA_118,15584642304.337168,5.3283919914453595,0.1979312958552478,26.920411794515548,1.2670519483967866e-159,1.3346280523112819e-158
miRNA_934,761603399330.7029,10.97169275654967,0.4144253664252483,26.474471992844776,1.9076587074476747e-154,1.9904438966388002e-153
miRNA_473,703117527109.0658,10.742415268310108,0.4064578723599272,26.429344832070242,6.304586425075723e-154,6.51670335152687e-153
miRNA_536,36326114228.71706,8.171270489118879,0.3113843835596164,26.241747886352947,8.878904818201595e-152,9.092656230491633e-151
miRNA_172,133510429893.43852,10.432887360408513,0.39809584863747455,26.206973511821793,2.2130044474696405e-151,2.2454889164233232e-150
miRNA_1309,8716504.584834728,11.100673247411166,0.42584465201195,26.067424341164816,8.537890883301042e-150,8.584461197209956e-149
miRNA_293,18560346891.682068,7.615192575439012,0.3008804288592843,25.30969729174537,2.49821282901904e-141,2.489210260265818e-140
miRNA_174,813387908050.4349,10.73523328561897,0.4294158314713227,24.999621576215436,6.171596878113526e-138,6.094451917137107e-137
miRNA_1056,18981.176922129027,11.591106142608654,0.46579836081678055,24.88438585804289,1.0981232235839656e-136,1.0748002524635982e-135
miRNA_399,22024175745.342308,7.3732090028425405,0.29818657459565096,24.726830887141084,5.504662735122096e-135,5.340488583372841e-134
miRNA_268,803987558607.1537,11.384859790678078,0.4626641093387139,24.60718166998185,1.0582833139912906e-133,1.0177924741516239e-132
miRNA_1045,10760857801.335522,4.983784438327605,0.203666117201031,24.470366042321626,3.0553919106342694e-132,2.913158149277157e-131
miRNA_196,374132268719.84467,10.982599087824976,0.45539268619342926,24.116766519961384,1.6674033643326954e-128,1.5761949751726164e-127
miRNA_161,810812869866.4924,11.447242803059316,0.47660376785520814,24.018364048135222,1.7879415180666816e-127,1.6758163720184323e-126
miRNA_199,813777325470.7107,10.796809731329047,0.4520007430342636,23.886707926297817,4.209969617924935e-126,3.912795291953764e-125
miRNA_162,810796730208.6165,11.545638432064504,0.48523805898869105,23.793761058494354,3.8753291692704834e-125,3.5717617176776287e-124
miRNA_726,719769.186328676,-10.926296105072138,0.4631247997175516,-23.592552399992005,4.596021465402203e-123,4.2009915212684597e-122
miRNA_271,10834327894.606853,5.720734311150078,0.2442751267232926,23.41922564072744,2.722546759606338e-121,2.468144849282467e-120
miRNA_427,6977010560.958312,6.632781837098647,0.2842918997288088,23.33088576714911,2.1547994498977402e-120,1.9375676354365047e-119
miRNA_197,374931447762.4969,11.07631681159316,0.47524357191989075,23.306610475228553,3.799252362477751e-120,3.38868799427451e-119
miRNA_245,22290039760.016174,7.006659948253636,0.30092715598862535,23.28357480811229,6.503936132163818e-120,5.754682689738546e-119
miRNA_1375,465631690233.02325,10.686860370968725,0.46002598711572185,23.2309927488518,2.2144209261729543e-119,1.9437694796407045e-118
miRNA_1049,18062135827.35574,6.623406618869146,0.28602094027382613,23.157068893375904,1.233892098291912e-118,1.0745548509534289e-117
miRNA_829,12771692825.023314,6.269368042758859,0.2707446587898597,23.15601744751268,1.264360639101408e-118,1.0924866147235604e-117
miRNA_1376,462881659929.58826,10.627355685466423,0.4611851443594349,23.043577650852857,1.706027412473622e-117,1.4626870683688572e-116
miRNA_1377,468682726012.41205,10.65216935952142,0.4631939400813468,22.997212264155852,4.970515722742987e-117,4.228761837964418e-116
miRNA_125,613982920454.1805,11.237250696646568,0.48993770542317006,22.936080592002416,2.0290744859066457e-116,1.713096474360878e-115
miRNA_422,19961910106.75583,6.928969021229324,0.3029320955291247,22.87301056405611,8.627142228932414e-116,7.228499473635795e-115
miRNA_392,23511955445.674866,8.08867565556213,0.3540600073455609,22.845493667031473,1.6201894542673982e-115,1.3473154409170995e-114
miRNA_932,13432124530.307577,6.770869032531009,0.2999894737852307,22.570355376463738,8.476201710222837e-113,6.996029172766013e-112
miRNA_459,7627941019.656594,6.602505682653884,0.2974217722993204,22.199133680130288,3.5013318444498895e-109,2.8684985333048726e-108
miRNA_1104,38947046243.92064,9.62347697142075,0.43448527635607526,22.1491440449503,1.0631973932740993e-108,8.646296448243778e-108
miRNA_158,737969692829.5465,11.455295636872155,0.5186687781444809,22.085955661054186,4.313278901603159e-108,3.4821069088854696e-107
miRNA_269,778612730055.5308,11.646102951138268,0.5277129340261378,22.06901176798034,6.274797797158896e-108,5.0289321475780717e-107
miRNA_1006,33591032559.28923,8.38373465201744,0.381507132235652,21.97530253992451,4.962320013217087e-107,3.9484359241856824e-106
miRNA_886,389555.09897763893,17.267068417433652,0.7880878429190842,21.91008092889275,2.0821190130748185e-106,1.6448740203291067e-105
miRNA_175,28295083375.368134,7.815146118288397,0.35702944994425395,21.889359881961116,3.280886102789684e-106,2.5735177515499223e-105
miRNA_455,5460202246.059973,6.274443523894544,0.28809232454420935,21.77928042276495,3.6475629455678516e-105,2.840989167463411e-104
miRNA_41,342602.68849605956,8.71491930322837,0.4025886886001187,21.64720358520724,6.458181423506992e-104,4.994929128950163e-103
miRNA_406,692030463433.7378,10.780860194462914,0.5008400785212588,21.525554077648174,8.97413529728586e-103,6.892634471387611e-102
miRNA_68,545173871513.40094,10.725155528717663,0.5030197622808761,21.321539098356443,7.166251836997912e-101,5.466120366703235e-100
miRNA_67,495561533015.39624,10.551377509446729,0.49821664930971515,21.17829166099885,1.5142497075395657e-99,1.1470960113279175e-98
miRNA_529,507359523822.51764,11.072812379791122,0.525044501074698,21.089283588584415,9.976085464295662e-99,7.505816682660545e-98
miRNA_394,726852433079.6089,11.98509010541167,0.5765714950666214,20.78682385092038,5.695829674538179e-96,4.2564781216481256e-95
miRNA_890,372675.6299240207,19.89888044535775,0.9666566304985718,20.58526245777109,3.720174790653095e-94,2.761418334538472e-93
miRNA_276,4270165847.881209,4.847859666960629,0.24370805549974356,19.89207807275673,4.7658638421479295e-88,3.51403027294374e-87
miRNA_266,766368987.1922406,7.1735576477363905,0.36569020214912257,19.616488507425554,1.118153171999632e-85,8.18991661080525e-85
miRNA_851,6996908600.856336,4.941092743431656,0.25208196946758754,19.601135114373886,1.512129813271217e-85,1.100273403603925e-84
miRNA_907,10714922378.947735,11.760396257024759,0.6015115211096638,19.55140648898839,4.013033064988899e-85,2.9009245554756358e-84
miRNA_110,4318675801.457923,4.2595287375608315,0.2191794344660484,19.433979962297265,3.9825182591689656e-84,2.860172204312257e-83
miRNA_222,339586215079.6175,10.6424044344996,0.5502457139798623,19.341185517874088,2.418506933099831e-83,1.7257217212957506e-82
miRNA_353,598.4727107500386,13.749148766663172,0.7116788233293427,19.319316967087126,3.6950729516037e-83,2.6197119772267257e-82
miRNA_801,10296.528545679335,-10.479232072080054,0.5461857222134082,-19.186206533581924,4.826085668728531e-82,3.3997775475246846e-81
miRNA_1106,334792.28884948307,6.162686070754407,0.3252401505154483,18.948109761318324,4.57732150497127e-80,3.204125053479889e-79
miRNA_190,721212401887.587,11.652317152256359,0.6270642652817089,18.582333258970753,4.466564285513469e-77,3.106930880363457e-76
miRNA_279,532860829576.14233,11.690726903955785,0.6294392641228234,18.573240613211183,5.2911063978958984e-77,3.65747729754554e-76
miRNA_887,440532.13839451806,17.607111407524023,0.9548218081974624,18.440206598091,6.250197709414824e-76,4.2936140786414883e-75
miRNA_523,6870731025.805201,5.947109978699207,0.32659451364245495,18.209460754169037,4.342022933961392e-74,2.9643687438032713e-73
miRNA_920,372738.16897745605,14.356341850131216,0.7959769391110413,18.036127863408442,1.0140513522442561e-72,6.880618377804584e-72
miRNA_908,10616355428.633848,13.002065926717004,0.7222564711895468,18.002006829101543,1.8788593825954264e-72,1.2670844372869156e-71
miRNA_141,4619481697.780097,6.152627876947611,0.34347509963925277,17.912878934774696,9.356833488422983e-72,6.2719138413308e-71
miRNA_191,410682539017.755,10.755842484675126,0.6008081097553725,17.902292445843514,1.1316625539258892e-71,7.539872196638756e-71
miRNA_148,378100815339.3374,10.822469044402359,0.6065358639416125,17.84308181559429,3.271450277974009e-71,2.1666012020594334e-70
miRNA_911,372683.6326642876,14.202386247867798,0.8010034095792099,17.730743812100275,2.428007727470064e-70,1.5984384205844588e-69
miRNA_443,2637586473.589149,5.066030426689501,0.2860613479391368,17.709594334175353,3.536117672584289e-70,2.314169317087706e-69
miRNA_739,1059373112.278781,7.06592709670354,0.403097772988505,17.529065080955025,8.597143266981136e-69,5.5932002666359624e-68
miRNA_969,2505.9301951334915,-6.947797716843812,0.400279127508613,-17.357381985135643,1.734545144676687e-67,1.1218753976680795e-66
miRNA_817,2368904129.786533,6.383997323602519,0.3693174512880498,17.28593463790399,6.004021228054403e-67,3.8607252780396337e-66
miRNA_314,1245818513.925617,7.346489628726502,0.4276306438558835,17.179521005520723,3.780195483446058e-66,2.4167030084921042e-65
miRNA_525,4701610916.059928,6.27141436152084,0.36530840490095445,17.167451603587384,4.6540952832205277e-66,2.9582927489896e-65
miRNA_163,787355831770.8904,11.91418376000146,0.699682670167901,17.02798178085852,5.093067733030317e-65,3.218818807275161e-64
miRNA_675,1022417688.9780948,6.232570343844425,0.36741283219233517,16.963398656097475,1.5321992848418178e-64,9.62847959679006e-64
miRNA_370,529166286159.77496,11.874854607841762,0.7004485886029999,16.953213699131584,1.8221556897979708e-64,1.1385899395008789e-63
miRNA_278,412688448006.8706,11.378094417135799,0.6715916099898276,16.94198415806317,2.205583437527651e-64,1.3704355516323495e-63
miRNA_485,73462824.7561795,10.575404911793894,0.6340228375720642,16.679848556073303,1.8368398013899537e-62,1.1349412404118931e-61
miRNA_280,403528716168.10864,11.467660942202285,0.6920089819484911,16.57154927369984,1.1190503831855118e-61,6.875942910017645e-61
miRNA_381,4049672892.8490405,5.262466637107846,0.3185495362978111,16.520088832237324,2.6301042106548353e-61,1.6071244513725126e-60
miRNA_22,801090798250.9917,12.133616733186411,0.7381351186605353,16.438205453772213,1.0189162863637069e-60,6.191875894056372e-60
miRNA_855,13686.783573397064,-10.493095119654503,0.6506409172550104,-16.127321294092344,1.6398005679232578e-58,9.910488678268433e-58
miRNA_1116,9037.604666142523,5.497019934000303,0.3420062301815633,16.072864903899735,3.9538284675538544e-58,2.376594720170958e-57
miRNA_885,10640936729.977716,11.617016010954774,0.7267205005264815,15.985535020050605,1.6117716872292313e-57,9.635781005813675e-57
miRNA_884,10641002268.870317,11.61482262244607,0.7272038732926401,15.971893232438894,2.0060335464073723e-57,1.1928350012508353e-56
miRNA_11,656309695317.4604,11.939036568338485,0.7487610232258487,15.945056163450051,3.083628000422972e-57,1.8237928173624636e-56
miRNA_28,2401067105.7462482,4.4679284398355135,0.2813981209420061,15.877605809444326,9.05700085471285e-57,5.328214332612985e-56
miRNA_263,473777377547.6179,11.861870321042828,0.748949686451277,15.838006925735595,1.7012818870783669e-56,9.955649561421554e-56
miRNA_223,43203.93867006123,13.005570413437454,0.8272663782380062,15.72113983543971,1.0835662474140261e-55,6.3074961559995416e-55
miRNA_6,745817576736.6309,12.470843907641708,0.7969819422786149,15.647586533751172,3.450594749930392e-55,1.9980930855617872e-54
miRNA_19,18867540144.90416,9.401916828481465,0.6088947143031633,15.440956552301968,8.680328900902025e-54,5.000231127290438e-53
miRNA_1397,244519175818.65396,10.524446665475377,0.6819462162773943,15.432957048909504,9.826289069014624e-54,5.631023684108898e-53
miRNA_135,332654103429.47473,11.00053444181263,0.7135854266539635,15.415861970997174,1.2805080686195817e-53,7.300216102542564e-53
miRNA_922,28946.04822706541,-19.39345833226406,1.2662288505285217,-15.3159188595089,5.985992186018562e-53,3.395131978326426e-52
miRNA_10,700934312726.4565,13.100194379132526,0.8567415917024653,15.290718351960255,8.817218550990241e-53,4.9754304680587795e-52
miRNA_469,4019.4448312043064,5.880233539380448,0.38947052270935867,15.09801948161442,1.6687066428670155e-51,9.368474857923448e-51
miRNA_1334,18848815588.277073,9.758107233774242,0.6495596021922557,15.02265104055232,5.217843055684726e-51,2.9146133432259128e-50
miRNA_1069,3638783028.1760764,4.555873247102738,0.3038157525195893,14.995513594407804,7.855269915789481e-51,4.3657932295794805e-50
miRNA_20,18870523075.274986,9.48669526640803,0.6375657487650818,14.879556006236323,4.474590536949741e-50,2.4744485669332066e-49
miRNA_65,592286.3290356108,5.773683070981872,0.3890474888022035,14.840561209527001,8.008317603092466e-50,4.406566800507596e-49
miRNA_124,446153.32757622126,8.483575674865728,0.5742127540750841,14.774272453301194,2.146626743246571e-49,1.1753312762528257e-48
miRNA_569,2964.1349680399444,5.559015089427288,0.3792370334013607,14.658418350045405,1.1901305402945061e-48,6.484159495397653e-48
miRNA_200,970917208.3915594,3.9518815580758946,0.26977978673437303,14.64854578585216,1.376299041014871e-48,7.461699702757095e-48
miRNA_481,189205590391.7106,10.275094498101454,0.7023723964847542,14.629126300416173,1.8312360524265682e-48,9.879741824311144e-48
miRNA_253,641639901604.6578,12.541743802463442,0.8592730060932613,14.59576143266186,2.98857250818073e-48,1.6045442689552852e-47
miRNA_209,539521677394.15265,12.983111667692372,0.8902537972969312,14.58360717709137,3.5713655345247554e-48,1.908178879799217e-47
miRNA_143,343328330445.2652,12.157537438856943,0.844962542699479,14.388256075844673,6.132275105884083e-47,3.2607193591864406e-46
miRNA_102,112651.33951507107,5.257097017824371,0.36561625287371136,14.378728999337568,7.037511066332882e-47,3.7241565738584534e-46
miRNA_923,10617429239.658623,12.140843936382733,0.8464140761668915,14.343858730899539,1.1639934534101802e-46,6.130365521293616e-46
miRNA_541,1452972182.198454,4.721995630724418,0.3319791737086553,14.223770659988563,6.524076059679178e-46,3.4197289677749626e-45
miRNA_1105,265525.0525675036,4.711541385914585,0.3315808823960999,14.20932760618651,8.01917738723702e-46,4.183589712398182e-45
miRNA_482,25867.106757272024,5.1983230891918915,0.36686006326220266,14.16977101014274,1.40959400733473e-45,7.319300338554983e-45
miRNA_254,566167410246.8875,12.61003384052897,0.8909331129053724,14.15373798309852,1.770883606980401e-45,9.152323688412727e-45
miRNA_115,1021160481.6183722,3.8073388495371736,0.269543905129394,14.12511571244569,2.6596264047582616e-45,1.3681613040291335e-44
miRNA_1033,955615194.5006527,2.845100010268265,0.20356379211984013,13.976454165254127,2.1703486613016234e-44,1.111298897870183e-43
miRNA_1308,1439623.1596740806,5.745860934849697,0.4133696748235041,13.90005432136017,6.329331149778094e-44,3.2259171666610932e-43
miRNA_211,577265.6835229746,5.895740863082835,0.42633756819049845,13.828809147892096,1.7082507666575116e-43,8.666630036344989e-43
miRNA_232,973560795.832056,4.631398636976063,0.33724822708229063,13.73290729218859,6.44927318331267e-43,3.257030201252883e-42
miRNA_497,478888.2762952595,4.739002454610835,0.34609068763652806,13.692949922963077,1.1187349620877635e-42,5.6241857639503024e-42
miRNA_831,746540466.8355522,4.113195476523627,0.3032220870560646,13.564959981833752,6.46149225217629e-42,3.233669878238451e-41
miRNA_1219,36433.90553198945,4.275767170498841,0.31941888611639563,13.386081275547243,7.292825737459363e-41,3.6332726421757007e-40
miRNA_835,2219.698722047907,4.323333796814071,0.3259401734409783,13.264194318767968,3.734124733902855e-40,1.8519919083841062e-39
miRNA_931,500343281432.72723,11.66766312977217,0.8800171596169726,13.258449568018104,4.031444879241073e-40,1.99052590912528e-39
miRNA_836,1932.6716665277077,5.2027256546067875,0.39537343635071104,13.15901670741424,1.5103868287816468e-39,7.424390367255562e-39
miRNA_178,1713.0135650750738,-4.880224649839257,0.371294396440659,-13.143814441108121,1.846773502175118e-39,9.037749970821594e-39
miRNA_524,767533996.6747944,4.267073624676939,0.3249044383795968,13.133318972059019,2.1215040927784356e-39,1.0336491306664977e-38
miRNA_215,216263986565.8308,11.042726807197267,0.8413331543772833,13.12527237247722,2.3593294815154313e-39,1.144481757261433e-38
miRNA_1118,147068.52809997418,-3.95207768719106,0.3043130997620729,-12.98687992820878,1.4522785432340123e-38,7.0140614358813e-38
miRNA_1385,2693879705.8985486,5.947146676223592,0.4601195090565774,12.925221728627717,3.2436020351925344e-38,1.5597495004012797e-37
miRNA_80,230718212973.37494,11.057779079084952,0.8580412032528537,12.887235528043012,5.311381471202295e-38,2.5430250680301895e-37
miRNA_261,488398351336.6081,13.726585088994915,1.075343376940826,12.764839011744117,2.5768285411084037e-37,1.2284363648559891e-36
miRNA_416,1391.2166368968467,-4.7236288183595105,0.3706957091424559,-12.742604518641059,3.427580098609544e-37,1.6269972485245307e-36
miRNA_1054,2534.4430617449025,4.843194848005641,0.38510956145631203,12.576148017958436,2.856207602771869e-36,1.349985302848584e-35
miRNA_1095,8593.062579633166,-5.439526766691326,0.4378935611226422,-12.42202957436924,1.9846195719905128e-35,9.340379772857477e-35
miRNA_440,19220.930545900086,4.361342161170537,0.3538812353042273,12.324310322419738,6.701436524624768e-35,3.1405884729809296e-34
miRNA_650,177895.44091943649,4.2042462938634575,0.34295075435485517,12.259037895316231,1.5027345031721908e-34,7.012761014803558e-34
miRNA_129,2301935620.939433,4.381720551228241,0.3583809387519833,12.226433042133976,2.2458584659160017e-34,1.0436636400433184e-33
miRNA_61,2052.392371421996,4.385991472842215,0.3596267861633399,12.195953253743811,3.2665881709632064e-34,1.5116512623787894e-33
miRNA_983,1141160.9136235307,8.070758143375091,0.6692286625130043,12.059791511422693,1.722183176418576e-33,7.936394137995605e-33
miRNA_464,259289699048.77908,11.789136756168842,0.9795456558416763,12.03531115253531,2.3175858275308925e-33,1.0635891806013141e-32
miRNA_371,3903138.225270493,-3.9862576613121914,0.33230662722436577,-11.995721224725266,3.7414387658103814e-33,1.709930278919951e-32
miRNA_678,151247.53417274047,4.871315088712171,0.4122754134431701,11.81568177454185,3.239105682023842e-32,1.4742596231762837e-31
miRNA_1393,234517874.68745664,5.28248910588656,0.44949655747770567,11.75201237475231,6.895683934584569e-32,3.125666570348579e-31
miRNA_1022,2051.040616284786,-3.6669690904749483,0.3151786013741374,-11.634575045664407,2.7495608253436335e-31,1.2412303154408402e-30
miRNA_981,12414.571155133492,-6.134701254890806,0.5330507417233236,-11.508662824588999,1.1931403756938444e-30,5.3642815264934634e-30
miRNA_230,200815156.72606194,3.881365212994818,0.33898447163401496,11.449979387803165,2.352014342930368e-30,1.0531691754174036e-29
miRNA_797,2330.395774869307,4.130962251043007,0.36359989977006013,11.361285450450948,6.517844584600255e-30,2.906748431680598e-29
miRNA_832,8454736.945616623,3.99221794800395,0.3528605923239784,11.313867387998096,1.1203983109963246e-29,4.976548321132269e-29
miRNA_1165,1048.0846720478708,3.4312753082677414,0.3074081283808514,11.161953739937207,6.260051009938733e-29,2.7694465667968957e-28
miRNA_104,2131.9492122401216,6.641306309759363,0.5981105345907394,11.103810960801278,1.2020657358196063e-28,5.296751808033803e-28
miRNA_1091,458436.72757610836,-7.428027763000786,0.669388284292725,-11.09674001965725,1.30103224035864e-28,5.710085943796253e-28
miRNA_398,143334898.5414416,4.213011619849828,0.38639464760241704,10.903390215137842,1.110412631380246e-27,4.8542149023974384e-27
miRNA_466,807613.9148550715,6.288467883207056,0.5776158904416341,10.886937127714775,1.3303957585816564e-27,5.7929831062650084e-27
miRNA_106,3166583.810428243,4.514486451984234,0.41770228156898054,10.807904699555008,3.158007996654329e-27,1.3697085663920342e-26
miRNA_921,29234.626871180837,-11.28313202640094,1.0491884532588984,-10.75415192700058,5.665273474223196e-27,2.44757518066049e-26
miRNA_48,21314.782041724513,12.533263318493054,1.1691243246472314,10.720214312771919,8.181354377178948e-27,3.520847447922146e-26
miRNA_426,7583.494737867426,-3.5020169181737324,0.3292752770659289,-10.635529485782024,2.0366857949998076e-26,8.730908873138709e-26
miRNA_383,6772.242407106036,4.498257172083193,0.4243508510582528,10.600325558120995,2.9694471270526064e-26,1.268034178579221e-25
miRNA_296,13203234.797989784,-3.977587916535053,0.3816429918246679,-10.422274224184923,1.9620453173997706e-25,8.34623892709287e-25
miRNA_69,853900628.9011873,30,2.892260510299648,10.372509631537962,3.307230021706642e-25,1.3961054977128039e-24
miRNA_149,1093402307.4187124,30,2.8922339197087106,10.372604994212027,3.303930441092121e-25,1.3961054977128039e-24
miRNA_999,517.1760852971211,4.690780427415913,0.4608819745468321,10.177834427194036,2.4904185671194673e-24,1.0473014962867417e-23
miRNA_916,384967.9180466447,9.447410231077198,0.9339541240496545,10.115497097558636,4.716167768506819e-24,1.9757884666547508e-23
miRNA_407,6013840.851992324,4.014703799937933,0.4018053592593445,9.991663145903063,1.65776626996558e-23,6.918828281441251e-23
miRNA_502,1401.4149324496368,-3.0796170294799694,0.31366984552718785,-9.818020678092369,9.417440170392182e-23,3.915672491899907e-22
miRNA_214,185441054.13344917,4.032700617940613,0.41335691595573243,9.755977128425465,1.7391766773470149e-22,7.20422998181947e-22
miRNA_78,875764079.7790297,5.26241852209821,0.5441684662574527,9.670568672034179,4.021372509203372e-22,1.6595664161115407e-21
miRNA_933,19602.764715912617,3.811000187129506,0.394450545540109,9.661541174727546,4.392060541801134e-22,1.805806304547232e-21
miRNA_602,1984906021.4089437,5.1053658740136045,0.5312784166030279,9.609586451219121,7.284094828568433e-22,2.983781066813588e-21
miRNA_505,4490.022845287568,3.258946472562861,0.3403607855060947,9.574976352569571,1.0188061897369235e-21,4.1579322725056735e-21
miRNA_929,29985832.227242794,4.825534655604542,0.5042768536520479,9.569217029608446,1.0771832636065435e-21,4.3800172409883716e-21
miRNA_365,3347.9481222219692,3.0173878421219955,0.32055903858701534,9.412892724604704,4.8266672887827556e-21,1.9554190554555777e-20
miRNA_375,5893.243310943646,-3.4764717204906197,0.37254869675158825,-9.331590073468158,1.042943454662352e-20,4.20983744838161e-20
miRNA_251,139038495417.36734,11.103671671561358,1.20333207651393,9.22743761948809,2.771831767306391e-20,1.1147803398694066e-19
miRNA_127,657652907.847959,4.960405860666958,0.5408394110371042,9.171679724957489,4.657048715004781e-20,1.8661941589837999e-19
miRNA_838,187990.24404666582,-2.780356131510033,0.3037645440615874,-9.152997562962199,5.537523187354255e-20,2.211011063254081e-19
miRNA_438,2833.6784454639746,3.2322560742404756,0.3623376133158311,8.92056456590689,4.639171790352923e-19,1.845656115154796e-18
miRNA_690,74091.90244211101,5.555894969303442,0.627642718670142,8.852002586878326,8.59627083894328e-19,3.4076973289861173e-18
miRNA_526,4547368.130184931,2.8423147590111393,0.32140410916505974,8.843430055685582,9.282411762089004e-19,3.6665526460251565e-18
miRNA_72,8529.682961106619,3.1415502692510966,0.35835256839045676,8.766646443644573,1.8406664868819256e-18,7.244758485734555e-18
miRNA_133,32839.41863397848,-3.9935476276114747,0.4582547969785406,-8.714688103523523,2.9156023364396615e-18,1.1434951007454844e-17
miRNA_871,509870364.1749219,2.6987826511925337,0.3118585111915895,8.653868835840568,4.978241930187685e-18,1.9455602737765296e-17
miRNA_185,20093.626464027682,7.665576037083505,0.8902908966615708,8.610192540245018,7.293796753015808e-18,2.8404715524068604e-17
miRNA_757,8438132.541149678,2.7562979345318164,0.329313018568161,8.369842001740723,5.769554049154748e-17,2.238991852057948e-16
miRNA_642,361103494.03213376,1.751867216437051,0.2133961045441385,8.209462024526777,2.221817210595453e-16,8.592062359855143e-16
miRNA_164,174979418686.52628,11.167528650921376,1.3703395417432562,8.149460999070914,3.655499007697204e-16,1.4087044956491664e-15
miRNA_259,168144286367.1471,11.177734336476348,1.376821208957925,8.118508244753466,4.719486556026638e-16,1.8061426058704016e-15
miRNA_260,168170297972.6189,11.176425081941458,1.3765943541254735,8.11889504591325,4.704471283974536e-16,1.8061426058704016e-15
miRNA_132,2984678.746781555,-4.328295609582041,0.536574288914485,-8.066535611198193,7.232099425504338e-16,2.7581730912440682e-15
miRNA_87,15856.701632421038,2.4523586969953333,0.3046230777251239,8.050469174263332,8.247724719669027e-16,3.1347022474068535e-15
miRNA_128,482331030.2461232,4.25762644216165,0.5290240290574625,8.048077607641499,8.410461315621767e-16,3.185606238040299e-15
miRNA_849,1558.2347472510346,-2.528284108178435,0.3149163091796152,-8.02843179117918,9.872647555885825e-16,3.7266717395255025e-15
miRNA_935,19639.992681774864,2.533801341357928,0.31679028862161274,7.998355481106317,1.2609190073455597e-15,4.743457218109487e-15
miRNA_79,3820874712.380652,6.7496852606438695,0.844539388709342,7.992149745625247,1.3260582892700424e-15,4.971594806551413e-15
miRNA_918,377197.9709777467,6.640393135437595,0.8311190195012815,7.989701811206543,1.3526552755721889e-15,5.054178158050138e-15
miRNA_38,526633.2893804181,2.8524538809969875,0.3572577684221824,7.984301905021575,1.4131976528293165e-15,5.262614828381226e-15
miRNA_956,21377.598307839464,-2.778458846928482,0.35123424155866845,-7.910558021332274,2.5623771692245724e-15,9.510030701887171e-15
miRNA_539,297268066.2987813,2.53681779023401,0.3222498440152826,7.872207969521009,3.484363059414509e-15,1.2888647303386111e-14
miRNA_330,404.4392835434902,4.097784945844753,0.5236200846418738,7.825874266544614,5.041410037844251e-15,1.8585998339519136e-14
miRNA_1270,578.3287792131591,3.4944045574837843,0.45462750023111237,7.686302644928837,1.5144801218431756e-14,5.5648339360749245e-14
miRNA_208,142834081901.9786,11.78034588481702,1.5341691935619637,7.67864843998461,1.6077578635173793e-14,5.88801389751729e-14
miRNA_262,205713808553.4444,11.574178254050137,1.5179962287557922,7.624642298048907,2.4471199268751254e-14,8.932391548263659e-14
miRNA_101,3116315.2062622416,3.1911706241689646,0.4210116681662589,7.579767653633677,3.4617434419227175e-14,1.2594369232784623e-13
miRNA_547,518.8909682704458,3.1274352476467615,0.4148683530250219,7.538379885674569,4.758459823812668e-14,1.7255267426678068e-13
miRNA_517,2144.486090851495,2.9086160228853415,0.38601693885072036,7.534944014490916,4.885443841701833e-14,1.76578460422295e-13
miRNA_1337,6476118.203429531,-3.4270731888851707,0.4559649785802221,-7.516088624956125,5.643930173638244e-14,2.0332855934996408e-13
miRNA_283,520677466.040952,2.5532821738112816,0.3406172360705882,7.496045130499941,6.577215317225426e-14,2.36181822754913e-13
miRNA_66,150285011117.83337,11.5200486035863,1.5444896803653048,7.458805811419577,8.731017386683138e-14,3.1250825985992075e-13
miRNA_107,10724.672569542823,-5.6265489007141625,0.7587729848668471,-7.415325812768011,1.213261686720068e-13,4.328604598427082e-13
miRNA_51,56318601.15311262,2.5760519378316955,0.34953821799677415,7.369872034580979,1.7079189661757402e-13,6.073821146592825e-13
miRNA_116,284997748279.8983,12.678527796209668,1.7214810399102292,7.364895402432559,1.7728581887607896e-13,6.284554989645619e-13
miRNA_882,1534.6410433461112,6.16915314054003,0.8466544136533053,7.286506797880136,3.1809474871891577e-13,1.1240025306169995e-12
miRNA_919,380058.9906978216,5.46123516930022,0.7547947829801359,7.235390721353124,4.641907802895924e-13,1.6350159331219401e-12
miRNA_982,190799.2840336677,-2.5530738167544142,0.35378389600249815,-7.216478323638525,5.335116284867842e-13,1.8732186066869313e-12
miRNA_183,344167709855.98114,15.38124567672941,2.141209097969121,7.183439343368242,6.797920304704612e-13,2.379272106646614e-12
miRNA_743,7949.934523899594,4.5662541696993575,0.6405053106798648,7.1291433397367205,1.0099551678453794e-12,3.5236921628927116e-12
miRNA_567,4462.5001916607125,-3.0309703777321917,0.42833357838543407,-7.076191386062165,1.4817019656376517e-12,5.153340798727178e-12
miRNA_216,33893513.763769574,5.585957837171276,0.7975958372441253,7.00349422142426,2.496562135114892e-12,8.655792230210253e-12
miRNA_861,573879.170399945,-2.589536715753948,0.3775900251914355,-6.858064416402608,6.979978654940445e-12,2.4124551226137912e-11
miRNA_683,56546374.91036871,-2.215320630414519,0.32574965217958396,-6.800684561263092,1.0412318306809632e-11,3.587546432190484e-11
miRNA_1131,694294.1566306027,3.20677658095475,0.4722703480894463,6.790128988465306,1.1203333219160126e-11,3.8481014100593476e-11
miRNA_1127,1827.989234824564,-3.8164604245941507,0.56304709719550206,-6.778225913256051,1.216605118304406e-11,4.1658367208813405e-11
miRNA_177,349962543.2929455,1.77308096008418,0.2618833592002797,6.770498765170437,1.2833917979899557e-11,4.3809608906694165e-11
miRNA_1078,8980.140344175863,-1.8426846009372921,0.28063705531193367,-6.566077308960898,5.165800362117153e-11,1.7579616001543295e-10
miRNA_793,199.2688070366008,-4.220359466519351,0.6442606086077017,-6.550702324700377,5.726711072861839e-11,1.9428657811611024e-10
miRNA_603,172804250.22529808,4.333896418869321,0.6654712417378312,6.512522475879883,7.389915226914867e-11,2.499463682253163e-10
miRNA_1132,809563.6678729999,-3.1235349670842836,0.4828350674520834,-6.469155158027671,9.855236214905737e-11,3.323137577343215e-10
miRNA_227,9828634.160160763,3.3034234922682892,0.5110209083133038,6.4643607307021975,1.0172793706967937e-10,3.4197902248956044e-10
miRNA_1169,3100.933536534784,2.0401689736428037,0.3184580413139921,6.4063980461125976,1.489976636221882e-10,4.993679271701216e-10
miRNA_824,980.0356206955367,3.159972303778484,0.49339697737155414,6.404523028520414,1.5084018701729214e-10,5.040158514837616e-10
miRNA_140,90179660687.99548,11.864363321310904,1.8891880069698028,6.280139021388858,3.382704129491261e-10,1.126888785306426e-9
miRNA_1123,764.4167810190365,2.268478496707981,0.3646501098705742,6.2209730240123475,4.940811165221402e-10,1.6410021467672285e-9
miRNA_1046,41870463.92747806,-2.016671330463642,0.3275557422900423,-6.156727146239221,7.42636329530201e-10,2.4591490432946178e-9
miRNA_228,2927.0125374494773,-2.1043182460348357,0.3443181235380463,-6.111552376075591,9.866660884776841e-10,3.2574707279293093e-9
miRNA_109,20.69361299325794,4.6253595521960165,0.7598771346016021,6.086983462952939,1.1505784932180875e-9,3.7873208735095376e-9
miRNA_767,834.953596665413,-3.376728730698154,0.5555539817061618,-6.078128934163846,1.2159297177723124e-9,3.990558658326936e-9
miRNA_417,290098956.42556417,1.3918382847311976,0.23198234005966145,5.999759655727429,1.976098004201111e-9,6.4661668421491974e-9
miRNA_626,3228.7183719382865,-1.9499253072629104,0.3279238487176879,-5.946274767412892,2.743135412291323e-9,8.949580430661366e-9
miRNA_1361,100.36475534379923,3.6498772316645427,0.6258105803890526,5.83223957222886,5.4688320860057165e-9,1.7789789079771536e-8
miRNA_889,591238.7582293632,3.6474830700728917,0.6280219166732083,5.807891370088701,6.326453973211091e-9,2.051923194830342e-8
miRNA_888,591238.9126393147,3.6474841442268886,0.6282984726626427,5.8053366400356685,6.42368081692048e-9,2.0773657846532312e-8
miRNA_412,34383129.60530709,-1.9370745965654221,0.33632857213997225,-5.759470818195179,8.437804478270733e-9,2.720761444013828e-8
miRNA_971,12112.196909943783,-1.7096415306985433,0.29700508332560116,-5.756270268358657,8.59926719018213e-9,2.7647643931225103e-8
miRNA_850,72835036.82794777,1.3493240497436678,0.23551850285937523,5.729163668084839,1.0092698224922121e-8,3.235514271525758e-8
miRNA_1089,990.0880611476086,1.6369464145572559,0.28934258903674637,5.657467917207876,1.5362252160908513e-8,4.9105927427643976e-8
miRNA_411,92519756.63328923,1.9558465613091989,0.3458960980091167,5.654433723209127,1.5636091711206424e-8,4.983722603053114e-8
miRNA_839,644.3431597039464,1.8104695960470822,0.32047187879624894,5.649386781915273,1.6102119352960296e-8,5.117512644935083e-8
miRNA_516,55579.52839406023,1.9885267499010255,0.35266273194142833,5.6386075697709055,1.714307168135981e-8,5.432732744866461e-8
miRNA_1394,6980443.282612751,1.811014069106219,0.32328217712316804,5.601960755220467,2.1194054793582553e-8,6.697321314772087e-8
miRNA_1072,2021366.2371778532,-2.7146966024671197,0.49314727559202226,-5.504839500954623,3.695047435175068e-8,1.164308394103597e-7
miRNA_100,2525593.948304794,2.378431493542464,0.43228412784006054,5.502009767109591,3.754861478474694e-8,1.1797945440889238e-7
miRNA_1017,4500870.439648881,2.7547605514088866,0.501242618682418,5.495862579782494,3.8880519923729377e-8,1.2181828621995663e-7
miRNA_664,119751.78592888317,-3.8640172085580686,0.7121528367149599,-5.425825762882759,5.768721234674985e-8,1.8023179902685122e-7
miRNA_378,8920909.177621864,-1.782033386103974,0.3321274474778515,-5.36551073883411,8.072047715047971e-8,2.514840781082551e-7
miRNA_878,1699555.025866495,-2.346184404658746,0.4456733176246364,-5.264359143516855,1.4067920771280914e-7,4.370539430628284e-7
miRNA_1333,357866570.1412201,1.4074279752474566,0.2708701991751999,5.195949866515684,2.036771476470988e-7,6.309997907498356e-7
miRNA_508,136633.7844146045,-1.6271764297887812,0.313486796539427,-5.1905740457050875,2.0964672945226657e-7,6.476795608218067e-7
miRNA_379,84495073.37039506,1.8298955803051165,0.3527726642126744,5.187180770905583,2.1350146627769925e-7,6.577510353847782e-7
miRNA_661,613.0561429975509,2.0652993507927295,0.40040204270084023,5.158063972055744,2.495163758612528e-7,7.665697547292933e-7
miRNA_863,748023.0422732062,-1.9378594663545565,0.3759835956893765,-5.154106425312085,2.548431878750524e-7,7.807661102210747e-7
miRNA_58,250619823.30467725,3.4512506867245145,0.6770676206872699,5.097350074459711,3.4444101081733654e-7,1.052352922552415e-6
miRNA_756,257.3130324160987,2.223781261746184,0.43698137524510755,5.088961195425872,3.600302686645199e-7,1.0969517276665537e-6
miRNA_774,418.38650355666175,-2.08803938314895,0.41106287242258693,-5.079610743833787,3.7820900287371033e-7,1.1491735087316584e-6
miRNA_563,433.58547134875255,1.9105344864258287,0.377934451278985,5.055200657045958,4.299384908058344e-7,1.3027725228253503e-6
miRNA_272,335635.22247377574,-1.8183556135580337,0.36191539750012225,-5.024256017063821,5.053878278515525e-7,1.527210212032287e-6
miRNA_137,115850336966.16055,13.608098776168514,2.7153388846225006,5.01156553726456,5.398898956175683e-7,1.6270251350218817e-6
miRNA_126,4856.275062111191,1.7193758081596993,0.343330474577394,5.007932401794747,5.50178491963407e-7,1.653525576390022e-6
miRNA_978,8787.308333275234,-1.5397147535342137,0.30756418423989756,-5.006157519086321,5.552732240812213e-7,1.664314866758349e-6
miRNA_456,16548.132430942736,-1.874417736379548,0.37578312568109906,-4.988030617346655,6.099790341414422e-7,1.8233427344876623e-6
miRNA_7,12506716812.035276,9.293235556774835,1.8789450663984795,4.945985767741419,7.575949434752657e-7,2.2584905862092824e-6
miRNA_123,20513395.000254646,2.072306718215334,0.4214809157574244,4.916727284060501,8.800301241138237e-7,2.6164336485749703e-6
miRNA_674,3154.1249582181067,1.7529780932399202,0.35934746907207676,4.878225795680541,1.0704434398499494e-6,3.174022639340601e-6
miRNA_36,23547970.440513693,2.4453713905845884,0.5017599866470793,4.87358788197788,1.0958948334198981e-6,3.240801298829966e-6
miRNA_593,232.72327630284443,2.160516616655577,0.4436498440043071,4.869868987567146,1.1167226568423002e-6,3.2935873559135573e-6
miRNA_506,13153.784619337495,1.6329781322636645,0.3357759026580044,4.8632975723897935,1.1544608558802878e-6,3.3958343260733996e-6
miRNA_1211,1808.5579201201228,-1.875744852998504,0.38714752583098194,-4.84503897828706,1.2658682445935912e-6,3.7136612162347794e-6
miRNA_1034,192590392.36350393,2.143514531704789,0.44769938699447376,4.78784334750775,1.6858315651223173e-6,4.93261828313567e-6
miRNA_1316,148.47942215140233,-1.9922852498962438,0.4197463221403805,-4.746403112568409,2.070658398316103e-6,6.042607357619023e-6
miRNA_1023,441.45366032060394,1.5654705178279047,0.3314476608468494,4.72313038453228,2.3224184905392537e-6,6.759460132990564e-6
miRNA_899,462733.7689985134,3.6581407102082757,0.7756733220815608,4.716084214926278,2.4042695161873213e-6,6.9793230574886545e-6
miRNA_841,3077.6327895093295,1.79262827063559,0.38377475239367026,4.671042739144912,2.996745727055249e-6,8.676441817076193e-6
miRNA_493,64552.09787915539,1.3806987994209778,0.2972264718198258,4.645275338254314,3.396231873991724e-6,9.807395437688895e-6
miRNA_302,576.6314160407118,1.4646019909995565,0.3182537954796678,4.601993791753931,4.184656806625282e-6,1.2052683406582194e-5
miRNA_721,6043.305053995842,1.4660089611319413,0.3205043328742517,4.57406908663267,4.783419941755601e-6,1.3741460923588816e-5
miRNA_862,657805.4663873058,-1.7449178960254546,0.3851314069756372,-4.530707868589475,5.878638071684524e-6,1.6843973334930268e-5
miRNA_373,2503.052124920999,-1.5090330169166928,0.3338870579681695,-4.519591223750139,6.195914626218099e-6,1.7707187536426917e-5
miRNA_5,11355978962.714767,8.890728918026408,2.004809925522945,4.434699172644661,9.220094461555285e-6,2.6282021841443676e-5
miRNA_1100,337.5435444851673,2.40630714258079,0.5457051974129413,4.409536786507661,1.0359196105171371e-5,2.945313854066719e-5
miRNA_976,812023.3729804767,-1.4176695860200315,0.32768735509371133,-4.326287126992158,1.5164372890608215e-5,4.3004606197468426e-5
miRNA_1085,8774.667601038493,-1.600416272918366,0.3724726420666596,-4.296735094525271,1.733321264608448e-5,4.902949664084254e-5
miRNA_1329,72793237.93168972,1.602254692766101,0.37539562955710115,4.268176202947465,1.9707763310966873e-5,5.560404648451368e-5
miRNA_186,3.775951411801973,5.546116178984888,1.3099563736058735,4.233817469598837,2.2975745118944206e-5,6.46594760853748e-5
miRNA_1388,27271.325976815708,-1.35197661133893,0.3210008573796942,-4.211753894911724,2.5339553143204735e-5,7.113082684361532e-5
miRNA_822,25328.71116626717,1.2982791335107249,0.3182199474761164,4.079816943619367,4.507117944366133e-5,1.261993024422517e-4
miRNA_471,111578972.83706847,1.326952655811834,0.32762897232163685,4.050168843154538,5.118069120213737e-5,1.42944051690818e-4
miRNA_1146,639.2235302792618,-1.671880278394656,0.41298930556780256,-4.048241094514673,5.160397546248929e-5,1.437632162758518e-4
miRNA_1007,2677.563114417248,1.2729949780774723,0.3159703079972079,4.028843678845676,5.60518727707561e-5,1.5576223940818153e-4
miRNA_1249,25634.84419208015,-1.2482439090646613,0.3119742871541764,-4.00111150329445,6.304563863120807e-5,1.7475808603036624e-4
miRNA_673,18.611641718288787,2.185099640861469,0.5596105686754165,3.904679009250205,9.435053228415339e-5,2.6087922176568415e-4
miRNA_985,5256.697253078547,-1.3501926787108298,0.34698873119448737,-3.8911715491822303,9.97613661532399e-5,2.751522966720282e-4
miRNA_895,401800.70193749154,3.4841123869573316,0.8991224521003167,3.8750143307161045,1.066184247821227e-4,2.933332781319097e-4
miRNA_144,945771.4363776967,-1.5474691454899063,0.40170935345041114,-3.85221088878861,1.1705614248762916e-4,3.212508525839152e-4
miRNA_577,31729.767782132276,-1.5157046585431213,0.39831238293447874,-3.8053164387622127,1.4162301286217244e-4,3.877105253107988e-4
miRNA_131,209674.72203375763,-2.3409654396523716,0.6160433344553502,-3.8000012478376077,1.4469535924726044e-4,3.9514337611720995e-4
miRNA_930,402216.9032036954,3.483784772780262,0.9219417966840848,3.7787469722169735,1.5761947978494488e-4,4.293772035520912e-4
miRNA_800,578.1023439404952,-1.2331321676866214,0.3281395234059368,-3.757950748776858,1.7131058847051593e-4,4.655270536815494e-4
miRNA_910,401634.224952437,3.4892870092691672,0.9600810233302973,3.6343672299298695,2.7866371350010385e-4,7.553972233605757e-4
miRNA_114,1008.5416208515147,1.9894257406520808,0.5485300287407804,3.6268310510165827,2.8692089222725933e-4,7.758789897392392e-4
miRNA_1087,132377634.45551431,1.255159801042391,0.3499158638262921,3.5870331436744665,3.344618250450702e-4,9.022311670727993e-4
miRNA_405,454134.01070301037,2.099297586836908,0.5868180957548457,3.5774247625007276,3.469960520367238e-4,9.337655317581911e-4
miRNA_847,7578542.082434997,1.0140805874518426,0.2836612014064169,3.57497106556675,3.502666308078366e-4,9.402788681394836e-4
miRNA_960,763.9492261447251,1.136565357163746,0.3185193949426572,3.568276768101864,3.593368208434247e-4,9.622918253095102e-4
miRNA_1196,266.35179825437683,-1.2881350122883652,0.3664313526520247,-3.5153515193652676,4.3917226289192377e-4,0.001173247639513207
miRNA_1389,50568802.25113423,1.136776830181112,0.324781790618409,3.50012489313703,4.650402215491123e-4,0.0012393602048995618
miRNA_49,16087.618910351372,4.396970239937522,1.2588294852491855,3.4929037581822615,4.777986771702579e-4,0.001270301290745926
miRNA_737,752.0352587878192,-1.3446111865741426,0.38515878935754716,-3.491056737448422,4.8111407099952103e-4,0.0012760483513800246
miRNA_136,4750612111.37303,9.934339321732196,2.891711490406497,3.4354531407058504,5.915637584429256e-4,0.0015652380785595114
miRNA_825,343111.017458349,1.713996899511854,0.4993262011313761,3.4326195894152365,5.977801863890973e-4,0.0015779114227836314
miRNA_487,317.25977970318803,1.099538272979163,0.32527245767871443,3.3803608237412592,7.239072698212618e-4,0.001906289143862656
miRNA_491,2870.453264374586,-1.0211599500331823,0.3023210434929725,-3.3777336113783267,7.3085844140961e-4,0.0019200224137744146
miRNA_270,3703751493.904318,6.483205768224569,1.9303091491122537,3.3586359838817454,7.83281724142715e-4,0.0020528663196726134
miRNA_165,6616395044.499623,9.700322918489524,2.891711404018877,3.3545266325706273,7.950089987857701e-4,0.0020786760110096023
miRNA_994,10212156.073234037,1.0350875371455943,0.3118425930028853,3.319262860080237,9.025542662691568e-4,0.002354304288900206
miRNA_374,182.09614769491824,-1.069347468467097,0.3230853912346638,-3.309798268441073,9.33632335690567e-4,0.002429640854761805
miRNA_880,1648979.9753538016,-1.473363708734986,0.447968963686273,-3.2889861311169537,0.0010054897812160823,0.0026104969437206267
miRNA_1036,918.5240005151545,-1.0508381655637922,0.32621658670367276,-3.2212898068188913,0.0012761503273787667,0.0033054385528827075
miRNA_82,3492062.0291434815,1.0054267768305423,0.3165404304884774,3.176298128106392,0.0014916756782111372,0.0038546572432278455
miRNA_585,841.215797587575,-1.0629900792319882,0.33601780003210063,-3.1634933599661625,0.0015588790780348839,0.004018928345702988
miRNA_1019,106.05663896231354,1.0971772892749887,0.3490831467307604,3.143025664659817,0.0016721117844318814,0.004300827054841072
miRNA_857,339180791.4232338,1.0258608883474647,0.3280577023557841,3.1270745389629697,0.001765551582022698,0.0045306265654689185
miRNA_441,105.35635564099063,1.432518271703797,0.4628595088045278,3.0949310632154905,0.001968586457736785,0.005039945884853899
miRNA_1094,7230.228131525344,-1.2777050777232761,0.4141217217250617,-3.0853370173408905,0.0020332162318606626,0.005193388342812686
miRNA_94,937.8421306461564,-1.0907882077267346,0.35828174927629597,-3.0444983868981614,0.0023306868019061073,0.0059258381676049535
miRNA_917,402685.4341733214,3.444764141555254,1.1376183677534735,3.028048983032725,0.0024613818691086612,0.006243780612922429
miRNA_1083,1153.1761213798338,1.1674681863409517,0.3872026694233791,3.015134653073393,0.002568651910765336,0.006500981723813413
miRNA_1029,333.9296170076311,-1.4081526894395315,0.46723856193641977,-3.0137766960064143,0.002580176402128529,0.00651523995605971
miRNA_1206,178.63027405947034,1.1470121171786312,0.3842014393212812,2.985444612609751,0.0028316641329141513,0.00713398754214818
miRNA_8,880917030.8770988,8.595780401668751,2.891711742956854,2.9725578362383143,0.0029532956306469287,0.007406677930828805
miRNA_9,881193950.8164488,8.596286428621125,2.8917117429171344,2.9727328284627927,0.0029516125260493384,0.007406677930828805
miRNA_804,214.6877908456972,1.0124054011802461,0.34085113022701413,2.9702275022704563,0.0029757928134256733,0.007446214596490486
miRNA_1021,1466855.7263541692,-1.2401031070933268,0.4177290484221883,-2.9686781701615965,0.0029908365777623095,0.007466964458250823
miRNA_377,116.20600565375001,-1.2801007877268866,0.43625656914698746,-2.9342842681541,0.003343178664946187,0.008327827935654241
miRNA_860,2758.6991535984216,2.1611873739698466,0.7425475152611984,2.9105038122841576,0.003608465645745654,0.008968456189201557
miRNA_961,3256.382917610092,1.9431967745528689,0.6682485766976927,2.90789511914209,0.003638703502100188,0.009023332002965937
miRNA_689,680.3667937557063,1.5203630352295932,0.523371204643146,2.9049420788563127,0.0036732106794319158,0.009088525752688365
miRNA_204,45941331.25843404,8.368240291489299,2.891719041387104,2.8938635364365166,0.003805335039904383,0.009394420879763946
miRNA_499,4641.87964586634,-2.190423566087057,0.7599518509146354,-2.882318877769409,0.0039476001315132325,0.009702323878785855
miRNA_879,1585843.6090127693,-1.283511927187586,0.447505307205821,-2.868149062190364,0.0041288095857574675,0.010125196012966206
miRNA_384,1799.8492065821579,1.0854230225495696,0.3798220018899744,2.8577149747738715,0.004267034860787361,0.010417970322363844
miRNA_1041,3625.973080362661,1.0625026015063954,0.3840007441920459,2.766928495781816,0.005658716517050456,0.013694836909973312
miRNA_872,1472868.5183767977,-1.7515001025639345,0.6355739341606079,-2.755777114864083,0.005855288154992903,0.014108820695908826
miRNA_344,874.362107832885,1.3603996759448578,0.4951912792506538,2.7472205851514127,0.006010269648118295,0.014450778762649639
miRNA_93,37051.35945268691,-2.8201187698354753,1.0601486536464741,-2.660116352678872,0.007811366153808771,0.01865954852292117
miRNA_122,11944239.07760655,1.096533070985518,0.41364066990528287,2.650931474500819,0.008027012553189905,0.01909220620178072
miRNA_202,2396281134.639249,7.436754997177037,2.824783524395349,2.6326813835296954,0.008471377581717768,0.020105887565192816
miRNA_1189,15205.493872618661,1.03211351306047,0.39647316822440154,2.6032367276776207,0.009234816401218392,0.021870892804598592
miRNA_252,22228.548836091155,-2.0830009973091017,0.8038744652680238,-2.5912018446992193,0.009564137723397509,0.022506247493782224
miRNA_1370,5858290.15118487,1.1103703253645505,0.42946946991060386,2.585446470957946,0.009725297262689137,0.022836897606229693
miRNA_894,215368.85178077183,2.489983646501192,0.9897762748440979,2.5157035077380447,0.011879507184455285,0.027718850097062334
miRNA_233,326122.6208433317,-1.2579259252118908,0.5026566948088885,-2.502554801722392,0.012330053494532261,0.02870955613674249
miRNA_873,1407538.2927218082,-1.5441332982629061,0.6326277163728512,-2.440824608691096,0.014653769742037043,0.03390600279224471
miRNA_1353,1189.2944117660252,1.147257276125921,0.4778847343274897,2.400698732803038,0.016363802491925213,0.03762653961760766
